{"timestamp": 1640611347.163409,
    "data": [{"class_id": 1,
              "label": "object_3",
              "confidence": -0.10000000149011612,
              "top": 100.80000305175781,
              "left": 200.8000183105469,
              "width": 250.1555633544922,
              "height": 200.00001525878906}]}